method	hyperparameters	Fraction of sexist Class	sexist Class Precision	sexist Class Recall	sexist Class F1	Fraction of Predicted sexist	Fraction of non-sexist Class	non-sexist Class Precision	non-sexist Class Recall	non-sexist Class F1	Fraction of Predicted non-sexist	Macro Average Precision	Macro Average Recall	Weighted F1	Macro F1
SVM	{'clf__C': 0.01}	0.4840189193062921	0.5981003265063817	0.5966834468463132	0.5973910465461013	0.4828722946825283	0.5159810806937078	0.6225055432372506	0.6238888888888889	0.6231964483906771	0.5171277053174717	0.6103029348718161	0.610286167867601	0.610706145677601	0.6102937474683892
LR	{'clf__C': 0.01, 'clf__penalty': 'l2'}	0.4840189193062921	0.5981198589894242	0.6029019840094758	0.6005014009733078	0.4878887774114949	0.5159810806937078	0.6246851385390428	0.62	0.6223337515683814	0.512111222588505	0.6114024987642335	0.611450992004738	0.6117664808274378	0.6114175762708447
RF	{'clf__max_depth': 100}	0.4840189193062921	0.6375744830003505	0.5386437666567959	0.5839486356340288	0.40891500644976353	0.5159810806937078	0.6222114451988361	0.7127777777777777	0.6644225789746245	0.5910849935502365	0.6298929640995933	0.6257107722172868	0.6254716678865936	0.6241856073043266
