method	hyperparameters	Fraction of sexist Class	sexist Class Precision	sexist Class Recall	sexist Class F1	Fraction of Predicted sexist	Fraction of non-sexist Class	non-sexist Class Precision	non-sexist Class Recall	non-sexist Class F1	Fraction of Predicted non-sexist	Macro Average Precision	Macro Average Recall	Weighted F1	Macro F1
SVM	{'clf__C': 0.01, 'clf__class_weight': None}	0.4840189193062921	0.5537020778460638	0.5602605863192183	0.5569620253164557	0.48975204242511106	0.5159810806937078	0.5828651685393258	0.5763888888888888	0.579608938547486	0.5102479575748889	0.5682836231926949	0.5683247376040536	0.5686474040797793	0.5682854819319708
LR	{'clf__C': 0.1, 'clf__class_weight': None, 'clf__penalty': 'l2'}	0.4840189193062921	0.5543797766019988	0.5584838614154575	0.5564242513645081	0.48760212125555397	0.5159810806937078	0.5829370629370629	0.5788888888888889	0.5809059233449478	0.5123978787444461	0.5686584197695308	0.5686863751521731	0.5690563309301643	0.568665087354728
RF	{'clf__class_weight': None, 'clf__max_depth': 10}	0.4840189193062921	0.5516079632465544	0.5333135919455138	0.5423065341764529	0.46796617457359896	0.5159810806937078	0.5754310344827587	0.5933333333333334	0.5842450765864332	0.532033825426401	0.5635194988646566	0.5633234626394236	0.5639460286118735	0.5632758053814431
SVC	{'clf__class_weight': 'balanced', 'clf__gamma': 'scale', 'clf__kernel': 'rbf'}	0.4840189193062921	0.5429033998920669	0.595795084394433	0.5681208527460115	0.5311738569585782	0.5159810806937078	0.5826964231121982	0.5294444444444445	0.5547955173919371	0.46882614304142184	0.5627999115021325	0.5626197644194387	0.5612452318094101	0.5614581850689744
